"Set number";"Name";"Theme";"Pieces";"Dimensions";"Weight";"RRP";"Year"
"3177-1";"Small Car";"City";43;"12.2 x 9.1 x 5.8 cm (4.8 x 3.6 x 2.3 in)";"0.06Kg (0.13 lb)";"£3.99 / US$4.99 / €4.99";"2010"
"3178-1";"Seaplane";"City";102;"19.1 x 14.1 x 6.1 cm (7.5 x 5.6 x 2.4 in)";"0.18Kg (0.4 lb)";"£8.49 / US$10.99 / €9.99";"2010"
"3179-1";"Repair Truck";"City";118;"26.2 x 14.1 x 6.1 cm (10.3 x 5.6 x 2.4 in)";"0.21Kg (0.46 lb)";"£9.99 / US$12.99 / €12.99";"2010"
"3180-1";"Tank Truck";"City";222;"35.4 x 19.1 x 9.1 cm (13.9 x 7.5 x 3.6 in)";"0.49Kg (1.08 lb)";"£14.99 / US$19.99 / €19.99";"2010"
"3181-1";"Passenger Plane";"City";309;"48 x 28.2 x 7.4 cm (18.9 x 11.1 x 2.9 in)";"0.76Kg (1.67 lb)";"£35.99 / US$39.99 / €34.99";"2010"
"3182-1";"Airport";"City";703;"58.2 x 37.8 x 10.3 cm (22.9 x 14.9 x 4.1 in)";"1.96Kg (4.32 lb)";"£81.99 / US$99.99 / €89.99";"2010"
"3221-1";"LEGO City Truck";"City";278;"48 x 28.2 x 6.1 cm (18.9 x 11.1 x 2.4 in)";"0.68Kg (1.5 lb)";"£29.99 / US$34.99 / €29.99";"2010"
"3365-1";"Space Moon Buggy";"City";37;"12.2 x 9.1 x 4.7 cm (4.8 x 3.6 x 1.9 in)";"0.06Kg (0.13 lb)";"£3.99 / US$4.99 / €4.99";"2011"
"3366-1";"Satellite Launch Pad";"City";165;"26.2 x 19.1 x 6.1 cm (10.3 x 7.5 x 2.4 in)";"0.32Kg (0.7 lb)";"£13.99 / US$19.99 / €16.99";"2011"
"3367-1";"Space Shuttle";"City";231;"38.2 x 26.2 x 5.6 cm (15 x 10.3 x 2.2 in)";"0.59Kg (1.3 lb)";"£26.99 / US$29.99 / €29.99";"2011"
"3368-1";"Space Centre";"City";494;"48 x 37.8 x 7.1 cm (18.9 x 14.9 x 2.8 in)";"1.39Kg (3.06 lb)";"£49.99 / US$69.99 / €59.99";"2011"
"4200-1";"Mining 4x4";"City";102;"19.1 x 14.1 x 6.1 cm (7.5 x 5.6 x 2.4 in)";"0.15Kg (0.33 lb)";"£7.99 / US$11.99 / €9.99";"2012"
"4201-1";"Loader and Tipper";"City";139;"26.2 x 19.1 x 6.1 cm (10.3 x 7.5 x 2.4 in)";"0.3Kg (0.66 lb)";"£12.99 / US$17.99 / €14.99";"2012"
"4202-1";"Mining Truck";"City";269;"38.2 x 26.2 x 7.1 cm (15 x 10.3 x 2.8 in)";"0.69Kg (1.52 lb)";"£19.99 / US$34.99 / €19.99";"2012"
"4203-1";"Excavator Transporter";"City";305;"38.2 x 26.2 x 7.1 cm (15 x 10.3 x 2.8 in)";"0.68Kg (1.5 lb)";"£24.99 / US$39.99 / €34.99";"2012"
"4204-1";"The Mine";"City";748;"58.2 x 37.8 x 8.7 cm (22.9 x 14.9 x 3.4 in)";"1.74Kg (3.83 lb)";"£69.99 / US$99.99 / €79.99";"2012"
"4208-1";"Fire Truck";"City";243;"35.4 x 19.1 x 5.9 cm (13.9 x 7.5 x 2.3 in)";"0.44Kg (0.97 lb)";"£17.99 / US$19.99 / €19.99";"2012"
"4209-1";"Fire Plane";"City";522;"54 x 28.2 x 5.9 cm (21.3 x 11.1 x 2.3 in)";"1.02Kg (2.25 lb)";"£39.99 / US$59.99 / €49.99";"2012"
"4427-1";"Fire ATV";"City";50;"12.2 x 9.1 x 5.8 cm (4.8 x 3.6 x 2.3 in)";"0.07Kg (0.15 lb)";"£3.99 / US$5.99 / €4.99";"2012"
"4431-1";"Ambulance";"City";199;"35.4 x 19.1 x 5.9 cm (13.9 x 7.5 x 2.3 in)";"0.4Kg (0.88 lb)";"£14.99 / US$19.99 / €19.99";"2012"
"4432-1";"Garbage Truck";"City";208;"26.2 x 19.1 x 7.2 cm (10.3 x 7.5 x 2.8 in)";"0.41Kg (0.9 lb)";"£17.99 / US$19.99 / €19.99";"2012"
"4433-1";"Dirt Bike Transporter";"City";201;"26.2 x 19.1 x 6.1 cm (10.3 x 7.5 x 2.4 in)";"0.36Kg (0.79 lb)";"£17.99 / US$19.99 / €19.99";"2012"
"4434-1";"Dump Truck";"City";222;"35.4 x 19.1 x 5.9 cm (13.9 x 7.5 x 2.3 in)";"0.39Kg (0.86 lb)";"£14.99 / US$19.99 / €19.99";"2012"
"4435-1";"Car and Caravan";"City";218;"35.4 x 19.1 x 5.9 cm (13.9 x 7.5 x 2.3 in)";"0.42Kg (0.93 lb)";"£14.99 / US$19.99 / €19.99";"2012"
"4436-1";"Patrol Car";"City";97;"19.1 x 14.1 x 4.6 cm (7.5 x 5.6 x 1.8 in)";"0.15Kg (0.33 lb)";"£7.99 / US$11.99 / €9.99";"2012"
"4437-1";"Police Pursuit";"City";129;"26.2 x 19.1 x 4.6 cm (10.3 x 7.5 x 1.8 in)";"0.28Kg (0.62 lb)";"£12.99 / US$17.99 / €14.99";"2012"
"4439-1";"Heavy-Lift Helicopter";"City";393;"48 x 28.2 x 7.4 cm (18.9 x 11.1 x 2.9 in)";"0.94Kg (2.07 lb)";"£34.99 / US$49.99 / €39.99";"2012"
"4440-1";"Forest Police Station";"City";633;"48 x 37.8 x 7.1 cm (18.9 x 14.9 x 2.8 in)";"1.33Kg (2.93 lb)";"£59.99 / US$79.99 / €69.99";"2012"
"4441-1";"Police Dog Van";"City";313;"38.2 x 26.2 x 5.6 cm (15 x 10.3 x 2.2 in)";"0.55Kg (1.21 lb)";"£19.99 / US$34.99 / €29.99";"2012"
"4641-1";"Speedboat";"City";34;"12.2 x 9.1 x 5.8 cm (4.8 x 3.6 x 2.3 in)";"0.08Kg (0.18 lb)";"£3.99 / US$4.99 / €4.99";"2011"
"4642-1";"Fishing Boat";"City";64;"26.2 x 19.1 x 4.6 cm (10.3 x 7.5 x 1.8 in)";"0.26Kg (0.57 lb)";"£13.99 / US$19.99 / €14.99";"2011"
"4643-1";"Power Boat Transporter";"City";254;"48 x 28.2 x 6.1 cm (18.9 x 11.1 x 2.4 in)";"0.65Kg (1.43 lb)";"£19.99 / US$39.99 / €19.99";"2011"
"4644-1";"Marina";"City";294;"54 x 28.2 x 5.9 cm (21.3 x 11.1 x 2.3 in)";"0.88Kg (1.94 lb)";"£41.99 / US$49.99 / €49.99";"2011"
"4645-1";"Harbour";"City";551;"58.2 x 37.8 x 8.7 cm (22.9 x 14.9 x 3.4 in)";"1.65Kg (3.63 lb)";"£71.99 / US$89.99 / €79.99";"2011"
"60000-1";"Fire Motorcycle";"City";40;"12.2 x 9.1 x 5.8 cm (4.8 x 3.6 x 2.3 in)";"0.07Kg (0.15 lb)";"£4.99 / US$6.99 / €5.99";"2013"
"60001-1";"Fire Chief Car";"City";80;"15.7 x 14.1 x 4.5 cm (6.2 x 5.6 x 1.8 in)";"0.14Kg (0.31 lb)";"£7.99 / US$11.99 / €9.99";"2013"
"60002-1";"Fire Truck";"City";209;"26.2 x 19.1 x 6.1 cm (10.3 x 7.5 x 2.4 in)";"0.39Kg (0.86 lb)";"£14.99 / US$19.99 / €19.99";"2013"
"60003-1";"Fire Emergency";"City";301;"28.2 x 26.2 x 6.4 cm (11.1 x 10.3 x 2.5 in)";"0.6Kg (1.32 lb)";"£24.99 / US$39.99 / €29.99";"2013"
"60004-1";"Fire Station";"City";752;"48 x 37.8 x 9.4 cm (18.9 x 14.9 x 3.7 in)";"1.9Kg (4.19 lb)";"£69.99 / US$99.99 / €79.99";"2013"
"60006-1";"Police ATV";"City";51;"12.2 x 9.1 x 5.8 cm (4.8 x 3.6 x 2.3 in)";"0.07Kg (0.15 lb)";"£4.99 / US$6.99 / €5.99";"2013"
"60008-1";"Museum Break-in";"City";563;"54 x 28.2 x 5.9 cm (21.3 x 11.1 x 2.3 in)";"1.14Kg (2.51 lb)";"£49.99 / US$69.99 / €59.99";"2013"
"60011-1";"Surfer Rescue";"City";32;"12.2 x 9.1 x 4.7 cm (4.8 x 3.6 x 1.9 in)";"0.07Kg (0.15 lb)";"£4.99 / US$6.99 / €5.99";"2013"
"60012-1";"Coast Guard 4x4 & Diving Boat";"City";128;"26.2 x 14.1 x 4.8 cm (10.3 x 5.6 x 1.9 in)";"0.23Kg (0.51 lb)";"£9.99 / US$19.99 / €12.99";"2013"
"60013-1";"Coast Guard Helicopter";"City";230;"28.2 x 26.2 x 6.4 cm (11.1 x 10.3 x 2.5 in)";"0.53Kg (1.17 lb)";"£24.99 / US$39.99 / €29.99";"2013"
"60014-1";"Coast Guard Patrol";"City";449;"54 x 28.2 x 7.8 cm (21.3 x 11.1 x 3.1 in)";"1.22Kg (2.69 lb)";"£59.99 / US$79.99 / €69.99";"2013"
"60016-1";"Tanker Truck";"City";191;"26.2 x 19.1 x 7.2 cm (10.3 x 7.5 x 2.8 in)";"0.41Kg (0.9 lb)";"£17.99 / US$19.99 / €19.99";"2013"
"60017-1";"Flatbed Truck";"City";212;"26.2 x 19.1 x 6.1 cm (10.3 x 7.5 x 2.4 in)";"0.39Kg (0.86 lb)";"£17.99 / US$19.99 / €19.99";"2013"
"60018-1";"Cement Mixer";"City";221;"26.2 x 19.1 x 6.1 cm (10.3 x 7.5 x 2.4 in)";"0.39Kg (0.86 lb)";"£17.99 / US$19.99 / €19.99";"2013"
"60019-1";"Stunt Plane";"City";140;"26.2 x 14.1 x 4.8 cm (10.3 x 5.6 x 1.9 in)";"0.24Kg (0.53 lb)";"£9.99 / US$19.99 / €12.99";"2013"
"60020-1";"Cargo Truck";"City";321;"28.2 x 26.2 x 6.4 cm (11.1 x 10.3 x 2.5 in)";"0.57Kg (1.26 lb)";"£24.99 / US$39.99 / €29.99";"2013"
"60021-1";"Cargo Heliplane";"City";393;"38.2 x 26.2 x 7.1 cm (15 x 10.3 x 2.8 in)";"0.79Kg (1.74 lb)";"£34.99 / US$44.99 / €39.99";"2013"
"60022-1";"Cargo Terminal";"City";658;"48 x 37.8 x 9.4 cm (18.9 x 14.9 x 3.7 in)";"1.81Kg (3.99 lb)";"£69.99 / US$99.99 / €89.99";"2013"
"60023-1";"LEGO City Starter Set";"City";272;"28.2 x 26.2 x 6.4 cm (11.1 x 10.3 x 2.5 in)";"0.5Kg (1.1 lb)";"£19.99 / US$29.99 / €24.99";"2013"
"60025-1";"Grand Prix Truck";"City";315;"35.4 x 19.1 x 7 cm (13.9 x 7.5 x 2.8 in)";"0.67Kg (1.48 lb)";"£24.99 / US$29.99 / €29.99";"2013"
"60027-1";"Monster Truck Transporter";"City";299;"35.4 x 19.1 x 7 cm (13.9 x 7.5 x 2.8 in)";"0.6Kg (1.32 lb)";"£24.99 / US$29.99 / €29.99";"2013"
"60032-1";"Arctic Snowmobile";"City";44;"12.2 x 9.1 x 5.8 cm (4.8 x 3.6 x 2.3 in)";"0.08Kg (0.18 lb)";"£4.99 / US$6.99 / €5.99";"2014"
"60033-1";"Arctic Ice Crawler";"City";113;"26.2 x 14.1 x 4.8 cm (10.3 x 5.6 x 1.9 in)";"0.22Kg (0.48 lb)";"£9.99 / US$14.99 / €14.99";"2014"
"60034-1";"Arctic Helicrane";"City";262;"28.2 x 26.2 x 5.9 cm (11.1 x 10.3 x 2.3 in)";"0.52Kg (1.15 lb)";"£24.99 / US$39.99 / €29.99";"2014"
"60035-1";"Arctic Outpost";"City";374;"38.2 x 26.2 x 7.1 cm (15 x 10.3 x 2.8 in)";"0.68Kg (1.5 lb)";"£34.99 / US$49.99 / €39.99";"2014"
"60036-1";"Arctic Base Camp";"City";733;"48 x 37.8 x 7.1 cm (18.9 x 14.9 x 2.8 in)";"1.41Kg (3.11 lb)";"£69.99 / US$89.99 / €89.99";"2014"
"60041-1";"Crook Pursuit";"City";38;"12.2 x 9.1 x 5.8 cm (4.8 x 3.6 x 2.3 in)";"0.07Kg (0.15 lb)";"£4.99 / US$6.99 / €5.99";"2014"
"60042-1";"High Speed Police Chase";"City";110;"26.2 x 14.1 x 4.8 cm (10.3 x 5.6 x 1.9 in)";"0.21Kg (0.46 lb)";"£12.99 / US$19.99 / €14.99";"2014"
"60043-1";"Prisoner Transporter";"City";196;"26.2 x 19.1 x 6.1 cm (10.3 x 7.5 x 2.4 in)";"0.36Kg (0.79 lb)";"£17.99 / US$24.99 / €19.99";"2014"
"60044-1";"Mobile Police Unit";"City";375;"38.2 x 26.2 x 5.6 cm (15 x 10.3 x 2.2 in)";"0.77Kg (1.7 lb)";"£29.99 / US$44.99 / €29.99";"2014"
"60045-1";"Police Patrol";"City";408;"38.2 x 26.2 x 7.1 cm (15 x 10.3 x 2.8 in)";"0.81Kg (1.78 lb)";"£39.99 / US$44.99 / €39.99";"2014"
"60046-1";"Helicopter Surveillance";"City";528;"54 x 28.2 x 7.8 cm (21.3 x 11.1 x 3.1 in)";"1.25Kg (2.75 lb)";"£49.99 / US$74.99 / €59.99";"2014"
"60047-1";"Police Station";"City";854;"48 x 37.8 x 11.2 cm (18.9 x 14.9 x 4.4 in)";"2.2Kg (4.85 lb)";"£79.99 / US$99.99 / €99.99";"2014"
"60053-1";"Race Car";"City";100;"15.7 x 14.1 x 6.1 cm (6.2 x 5.6 x 2.4 in)";"0.15Kg (0.33 lb)";"£7.99 / US$9.99 / €9.99";"2014"
"60054-1";"Light Repair Truck";"City";95;"15.7 x 14.1 x 4.5 cm (6.2 x 5.6 x 1.8 in)";"0.15Kg (0.33 lb)";"£7.99 / US$9.99 / €9.99";"2014"
"60055-1";"Monster Truck";"City";78;"15.7 x 14.1 x 6.1 cm (6.2 x 5.6 x 2.4 in)";"0.16Kg (0.35 lb)";"£7.99 / US$9.99 / €9.99";"2014"
"60056-1";"Tow Truck";"City";227;"26.2 x 19.1 x 7.2 cm (10.3 x 7.5 x 2.8 in)";"0.44Kg (0.97 lb)";"£17.99 / US$19.99 / €19.99";"2014"
"60057-1";"Camper Van";"City";195;"26.2 x 19.1 x 6.1 cm (10.3 x 7.5 x 2.4 in)";"0.43Kg (0.95 lb)";"£17.99 / US$19.99 / €19.99";"2014"
"60058-1";"SUV with Watercraft";"City";219;"26.2 x 19.1 x 6.1 cm (10.3 x 7.5 x 2.4 in)";"0.41Kg (0.9 lb)";"£17.99 / US$19.99 / €19.99";"2014"
"60059-1";"Logging Truck";"City";228;"26.2 x 19.1 x 6.1 cm (10.3 x 7.5 x 2.4 in)";"0.4Kg (0.88 lb)";"£17.99 / US$19.99 / €19.99";"2014"
"60060-1";"Auto Transporter";"City";350;"35.4 x 19.1 x 9.1 cm (13.9 x 7.5 x 3.6 in)";"0.62Kg (1.37 lb)";"£24.99 / US$29.99 / €29.99";"2014"
"60061-1";"Airport Fire Truck";"City";326;"35.4 x 19.1 x 9.1 cm (13.9 x 7.5 x 3.6 in)";"0.7Kg (1.54 lb)";"£24.99 / US$29.99 / €29.99";"2014"
"7207-1";"Fire Boat";"City";306;"54 x 28.2 x 9.1 cm (21.3 x 11.1 x 3.6 in)";"1Kg (2.2 lb)";"£39.99 / US$49.99 / €49.99";"2010"
"7208-1";"Fire Station";"City";662;"48 x 37.8 x 9.4 cm (18.9 x 14.9 x 3.7 in)";"1.56Kg (3.44 lb)";"£61.99 / US$79.99 / €69.99";"2010"
"7279-1";"Police Minifigure Collection";"City";57;"14.1 x 12.2 x 4.6 cm (5.6 x 4.8 x 1.8 in)";"0.09Kg (0.2 lb)";"£8.49 / US$9.99 / €7.99";"2011"
"7285-1";"Police Dog Unit";"City";96;"19.1 x 14.1 x 6.1 cm (7.5 x 5.6 x 2.4 in)";"0.15Kg (0.33 lb)";"£8.99 / US$12.99 / €9.99";"2011"
"7286-1";"Prisoner Transport";"City";173;"26.2 x 19.1 x 6.1 cm (10.3 x 7.5 x 2.4 in)";"0.34Kg (0.75 lb)";"£13.99 / US$19.99 / €16.99";"2011"
"7287-1";"Police Boat";"City";172;"48 x 28.2 x 7.4 cm (18.9 x 11.1 x 2.9 in)";"0.76Kg (1.67 lb)";"£19.99 / US$39.99 / €19.99";"2011"
"7288-1";"Mobile Police Unit";"City";408;"54 x 28.2 x 5.9 cm (21.3 x 11.1 x 2.3 in)";"0.85Kg (1.87 lb)";"£41.99 / US$44.99 / €39.99";"2011"
"7498-1";"Police Station";"City";783;"58.2 x 37.8 x 8.7 cm (22.9 x 14.9 x 3.4 in)";"1.98Kg (4.36 lb)";"£71.99 / US$99.99 / €99.99";"2011"
"70000-1";"Razcal's Glider";"Legends Of Chima";109;"14.1 x 12.2 x 4.6 cm (5.6 x 4.8 x 1.8 in)";"0.11Kg (0.24 lb)";"£7.99 / US$11.99 / €9.99";"2013"
"70001-1";"Crawley's Claw Ripper";"Legends Of Chima";139;"26.2 x 14.1 x 4.8 cm (10.3 x 5.6 x 1.9 in)";"0.24Kg (0.53 lb)";"£12.99 / US$14.99 / €14.99";"2013"
"70002-1";"Lennox' Lion Attack";"Legends Of Chima";230;"26.2 x 19.1 x 6.1 cm (10.3 x 7.5 x 2.4 in)";"0.39Kg (0.86 lb)";"£17.99 / US$24.99 / €19.99";"2013"
"70003-1";"Eris' Eagle Interceptor";"Legends Of Chima";348;"28.2 x 26.2 x 6.4 cm (11.1 x 10.3 x 2.5 in)";"0.54Kg (1.19 lb)";"£29.99 / US$34.99 / €32.99";"2013"
"70004-1";"Wakz' Pack Tracker";"Legends Of Chima";297;"28.2 x 26.2 x 6.4 cm (11.1 x 10.3 x 2.5 in)";"0.58Kg (1.28 lb)";"£29.99 / US$29.99 / €32.99";"2013"
"70005-1";"Laval's Royal Fighter";"Legends Of Chima";417;"38.2 x 26.2 x 7.1 cm (15 x 10.3 x 2.8 in)";"0.75Kg (1.65 lb)";"£39.99 / US$39.99 / €39.99";"2013"
"70006-1";"Cragger's Command Ship";"Legends Of Chima";609;"48 x 37.8 x 7.1 cm (18.9 x 14.9 x 2.8 in)";"1.38Kg (3.04 lb)";"£69.99 / US$79.99 / €79.99";"2013"
"70007-1";"Eglor's Twin Bike";"Legends Of Chima";223;"26.2 x 19.1 x 6.1 cm (10.3 x 7.5 x 2.4 in)";"0.35Kg (0.77 lb)";"£19.99 / US$24.99 / €19.99";"2013"
"70008-1";"Gorzan's Gorilla Striker";"Legends Of Chima";505;"48 x 28.2 x 6.1 cm (18.9 x 11.1 x 2.4 in)";"0.91Kg (2 lb)";"£49.99 / US$49.99 / €49.99";"2013"
"70009-1";"Worriz's Combat Lair";"Legends Of Chima";664;"54 x 28.2 x 7.8 cm (21.3 x 11.1 x 3.1 in)";"1.29Kg (2.84 lb)";"£59.99 / US$69.99 / €69.99";"2013"
"70123-1";"Lion Legend Beast";"Legends Of Chima";120;"12.2 x 14.1 x 4.6 cm (4.8 x 5.6 x 1.8 in)";"0.11Kg (0.24 lb)";"£7.99 / US$9.99 / €9.99";"2014"
"70124-1";"Eagle Legend Beast";"Legends Of Chima";104;"12.2 x 14.1 x 4.6 cm (4.8 x 5.6 x 1.8 in)";"0.1Kg (0.22 lb)";"£7.99 / US$9.99 / €9.99";"2014"
"70125-1";"Gorilla Legend Beast";"Legends Of Chima";106;"12.2 x 14.1 x 4.6 cm (4.8 x 5.6 x 1.8 in)";"0.11Kg (0.24 lb)";"£7.99 / US$9.99 / €9.99";"2014"
"70126-1";"Crocodile Legend Beast";"Legends Of Chima";121;"12.2 x 14.1 x 4.6 cm (4.8 x 5.6 x 1.8 in)";"0.1Kg (0.22 lb)";"£7.99 / US$9.99 / €9.99";"2014"
"70127-1";"Wolf Legend Beast";"Legends Of Chima";110;"12.2 x 14.1 x 4.6 cm (4.8 x 5.6 x 1.8 in)";"0.11Kg (0.24 lb)";"£7.99 / US$9.99 / €9.99";"2014"
"70128-1";"Braptor's Wing Striker";"Legends Of Chima";146;"26.2 x 14.1 x 4.8 cm (10.3 x 5.6 x 1.9 in)";"0.2Kg (0.44 lb)";"£12.99 / US$14.99 / €14.99";"2014"
"70129-1";"Lavertus' Twin Blade";"Legends Of Chima";183;"26.2 x 19.1 x 4.6 cm (10.3 x 7.5 x 1.8 in)";"0.28Kg (0.62 lb)";"£17.99 / US$19.99 / €19.99";"2014"
"70130-1";"Sparratus' Spider Stalker";"Legends Of Chima";292;"26.2 x 19.1 x 6.1 cm (10.3 x 7.5 x 2.4 in)";"0.35Kg (0.77 lb)";"£17.99 / US$24.99 / €24.99";"2014"
"70131-1";"Rogon's Rock Flinger";"Legends Of Chima";257;"22.2 x 26.2 x 7.6 cm (8.7 x 10.3 x 3 in)";"0.45Kg (0.99 lb)";"£24.99 / US$29.99 / €32.99";"2014"
"70132-1";"Scorm's Scorpion Stinger";"Legends Of Chima";434;"38.2 x 26.2 x 5.6 cm (15 x 10.3 x 2.2 in)";"0.61Kg (1.34 lb)";"£34.99 / US$39.99 / €39.99";"2014"
"70200-1";"CHI Laval";"Legends Of Chima";55;"19.5 x 28 x 7.5 cm (7.7 x 11 x 3 in)";"0.14Kg (0.31 lb)";"£10.99 / US$14.99 / €14.99";"2013"
"70201-1";"CHI Eris";"Legends Of Chima";67;"19.5 x 28 x 7.5 cm (7.7 x 11 x 3 in)";"0.15Kg (0.33 lb)";"£10.99 / US$14.99 / €14.99";"2013"
"70202-1";"CHI Gorzan";"Legends Of Chima";59;"19.5 x 28 x 7.5 cm (7.7 x 11 x 3 in)";"0.15Kg (0.33 lb)";"£10.99 / US$14.99 / €14.99";"2013"
"70203-1";"CHI Cragger";"Legends Of Chima";65;"19.5 x 28 x 7.5 cm (7.7 x 11 x 3 in)";"0.13Kg (0.29 lb)";"£10.99 / US$14.99 / €14.99";"2013"
"70204-1";"CHI Worriz";"Legends Of Chima";55;"19.5 x 28 x 7.5 cm (7.7 x 11 x 3 in)";"0.14Kg (0.31 lb)";"£10.99 / US$14.99 / €14.99";"2013"
"70205-1";"CHI Razar";"Legends Of Chima";68;"19.5 x 28 x 7.5 cm (7.7 x 11 x 3 in)";"0.15Kg (0.33 lb)";"£10.99 / US$14.99 / €14.99";"2013"
"75002-1";"AT-RT";"Star Wars";222;"19.1 x 26.2 x 4.6 cm (7.5 x 10.3 x 1.8 in)";"0.28Kg (0.62 lb)";"£19.99 / US$19.99 / €26.99";"2013"
"75003-1";"A-wing Starfighter";"Star Wars";177;"26.2 x 19.1 x 6.1 cm (10.3 x 7.5 x 2.4 in)";"0.34Kg (0.75 lb)";"£24.99 / US$24.99 / €29.99";"2013"
"75004-1";"Z-95 Headhunter";"Star Wars";373;"38.2 x 26.2 x 5.6 cm (15 x 10.3 x 2.2 in)";"0.64Kg (1.41 lb)";"£39.99 / US$49.99 / €49.99";"2013"
"75005-1";"Rancor Pit";"Star Wars";380;"48 x 28.2 x 7.4 cm (18.9 x 11.1 x 2.9 in)";"1.04Kg (2.29 lb)";"£59.99 / US$59.99 / €69.99";"2013"
"75015-1";"Corporate Alliance Tank Droid";"Star Wars";271;"26.2 x 14.1 x 6.1 cm (10.3 x 5.6 x 2.4 in)";"0.27Kg (0.59 lb)";"£19.99 / US$19.99 / €26.99";"2013"
"75016-1";"Homing Spider Droid";"Star Wars";295;"35.4 x 19.1 x 5.9 cm (13.9 x 7.5 x 2.3 in)";"0.39Kg (0.86 lb)";"£29.99 / US$29.99 / €39.99";"2013"
"75017-1";"Duel on Geonosis";"Star Wars";391;"38.2 x 26.2 x 5.6 cm (15 x 10.3 x 2.2 in)";"0.6Kg (1.32 lb)";"£39.99 / US$39.99 / €49.99";"2013"
"75018-1";"JEK-14's Stealth Starfighter";"Star Wars";550;"48 x 28.2 x 6.1 cm (18.9 x 11.1 x 2.4 in)";"0.93Kg (2.05 lb)";"£59.99 / US$69.99 / €69.99";"2013"
"75019-1";"AT-TE ";"Star Wars";794;"54 x 28.2 x 7.8 cm (21.3 x 11.1 x 3.1 in)";"0.99Kg (2.18 lb)";"£79.99 / US$89.99 / €99.99";"2013"
"75022-1";"Mandalorian Speeder";"Star Wars";211;"26.2 x 19.1 x 6.1 cm (10.3 x 7.5 x 2.4 in)";"0.33Kg (0.73 lb)";"£24.99 / US$24.99 / €29.99";"2013"
"75037-1";"Battle on Saleucami";"Star Wars";183;"26.2 x 14.1 x 4.8 cm (10.3 x 5.6 x 1.9 in)";"0.17Kg (0.37 lb)";"£14.99 / US$14.99 / €19.99";"2014"
"75038-1";"Jedi Interceptor";"Star Wars";223;"26.2 x 19.1 x 6.1 cm (10.3 x 7.5 x 2.4 in)";"0.34Kg (0.75 lb)";"£19.99 / US$24.99 / €29.99";"2014"
"75039-1";"V-Wing Starfighter";"Star Wars";201;"26.2 x 19.1 x 6.1 cm (10.3 x 7.5 x 2.4 in)";"0.35Kg (0.77 lb)";"£19.99 / US$24.99 / €29.99";"2014"
"75040-1";"General Grievous' Wheel Bike";"Star Wars";261;"26.2 x 19.1 x 4.6 cm (10.3 x 7.5 x 1.8 in)";"0.3Kg (0.66 lb)";"£19.99 / US$24.99 / €29.99";"2014"
"75041-1";"Vulture Droid";"Star Wars";205;"26.2 x 19.1 x 4.6 cm (10.3 x 7.5 x 1.8 in)";"0.32Kg (0.7 lb)";"£19.99 / US$24.99 / €29.99";"2014"
"75042-1";"Droid Gunship";"Star Wars";439;"38.2 x 26.2 x 7.1 cm (15 x 10.3 x 2.8 in)";"0.76Kg (1.67 lb)";"£44.99 / US$49.99 / €49.99";"2014"
"75043-1";"AT-AP";"Star Wars";717;"48 x 28.2 x 6.1 cm (18.9 x 11.1 x 2.4 in)";"0.9Kg (1.98 lb)";"£59.99 / US$59.99 / €69.99";"2014"
"7915-1";"Imperial V-wing Starfighter";"Star Wars";139;"28.2 x 26.2 x 4.6 cm (11.1 x 10.3 x 1.8 in)";"0.33Kg (0.73 lb)";"£24.99 / US$19.99 / €26.99";"2011"
"7929-1";"The Battle of Naboo";"Star Wars";241;"28.2 x 26.2 x 4.6 cm (11.1 x 10.3 x 1.8 in)";"0.34Kg (0.75 lb)";"£25.99 / US$24.99 / €29.99";"2011"
"7930-1";"Bounty Hunter Assault Gunship";"Star Wars";389;"48 x 28.2 x 6.1 cm (18.9 x 11.1 x 2.4 in)";"0.74Kg (1.63 lb)";"£40.99 / US$49.99 / €49.99";"2011"
"7931-1";"T-6 Jedi Shuttle";"Star Wars";389;"35.4 x 37.8 x 7.1 cm (13.9 x 14.9 x 2.8 in)";"0.92Kg (2.03 lb)";"£49.99 / US$59.99 / €69.99";"2011"
"7956-1";"Ewok Attack";"Star Wars";166;"28.2 x 26.2 x 4.6 cm (11.1 x 10.3 x 1.8 in)";"0.32Kg (0.7 lb)";"£25.99 / US$24.99 / €29.99";"2011"
"7957-1";"Sith Nightspeeder";"Star Wars";213;"28.2 x 26.2 x 4.6 cm (11.1 x 10.3 x 1.8 in)";"0.32Kg (0.7 lb)";"£25.99 / US$24.99 / €29.99";"2011"
"7959-1";"Geonosian Starfighter";"Star Wars";155;"35.4 x 19.1 x 5.9 cm (13.9 x 7.5 x 2.3 in)";"0.37Kg (0.81 lb)";"£29.99 / US$29.99 / €39.99";"2011"
"7961-1";"Darth Maul's Sith Infiltrator";"Star Wars";479;"54 x 28.2 x 5.9 cm (21.3 x 11.1 x 2.3 in)";"1Kg (2.2 lb)";"£59.99 / US$69.99 / €69.99";"2011"
"7962-1";"Anakin Skywalker and Sebulba's Podracers";"Star Wars";810;"48 x 37.8 x 7.1 cm (18.9 x 14.9 x 2.8 in)";"1.15Kg (2.53 lb)";"£81.99 / US$89.99 / €99.99";"2011"
"8085-1";"Freeco Speeder";"Star Wars";177;"28.2 x 26.2 x 6.4 cm (11.1 x 10.3 x 2.5 in)";"0.36Kg (0.79 lb)";"£21.99 / US$24.99 / €26.99";"2010"
"8086-1";"Droid Tri-Fighter";"Star Wars";268;"28.2 x 26.2 x 6.4 cm (11.1 x 10.3 x 2.5 in)";"0.38Kg (0.84 lb)";"£25.99 / US$24.99 / €26.99";"2010"
"8088-1";"ARC-170 Starfighter";"Star Wars";396;"54 x 28.2 x 5.9 cm (21.3 x 11.1 x 2.3 in)";"0.92Kg (2.03 lb)";"£49.99 / US$59.99 / €69.99";"2010"
"8089-1";"Hoth Wampa Cave";"Star Wars";297;"38.2 x 26.2 x 5.6 cm (15 x 10.3 x 2.2 in)";"0.59Kg (1.3 lb)";"£35.99 / US$39.99 / €49.99";"2010"
"8093-1";"Plo Koon's Jedi Starfighter";"Star Wars";175;"28.2 x 26.2 x 6.4 cm (11.1 x 10.3 x 2.5 in)";"0.3Kg (0.66 lb)";"£25.99 / US$24.99 / €26.99";"2010"
"8095-1";"General Grievous' Starfighter";"Star Wars";454;"48 x 28.2 x 6.1 cm (18.9 x 11.1 x 2.4 in)";"0.78Kg (1.72 lb)";"£45.99 / US$49.99 / €49.99";"2010"
"8096-1";"Emperor Palpatine's Shuttle";"Star Wars";592;"54 x 28.2 x 5.9 cm (21.3 x 11.1 x 2.3 in)";"1.1Kg (2.42 lb)";"£61.99 / US$59.99 / €69.99";"2010"
"8097-1";"Slave I";"Star Wars";573;"48 x 37.8 x 7.1 cm (18.9 x 14.9 x 2.8 in)";"1.06Kg (2.33 lb)";"£81.99 / US$79.99 / €89.99";"2010"
"9490-1";"Droid Escape";"Star Wars";137;"26.2 x 19.1 x 4.6 cm (10.3 x 7.5 x 1.8 in)";"0.25Kg (0.55 lb)";"£19.99 / US$19.99 / €26.99";"2012"
"9491-1";"Geonosian Cannon";"Star Wars";132;"26.2 x 19.1 x 4.6 cm (10.3 x 7.5 x 1.8 in)";"0.26Kg (0.57 lb)";"£19.99 / US$19.99 / €26.99";"2012"
"9492-1";"TIE Fighter";"Star Wars";413;"35.4 x 37.8 x 7.1 cm (13.9 x 14.9 x 2.8 in)";"0.78Kg (1.72 lb)";"£49.99 / US$54.99 / €49.99";"2012"
"9493-1";"X-wing Starfighter";"Star Wars";560;"48 x 28.2 x 7.4 cm (18.9 x 11.1 x 2.9 in)";"0.9Kg (1.98 lb)";"£49.99 / US$59.99 / €69.99";"2012"
"9496-1";"Desert Skiff";"Star Wars";213;"35.4 x 19.1 x 5.9 cm (13.9 x 7.5 x 2.3 in)";"0.44Kg (0.97 lb)";"£24.99 / US$24.99 / €29.99";"2012"
"9497-1";"Republic Striker-class Starfighter";"Star Wars";376;"38.2 x 26.2 x 5.6 cm (15 x 10.3 x 2.2 in)";"0.59Kg (1.3 lb)";"£39.99 / US$44.99 / €49.99";"2012"
"9498-1";"Saesee Tiin's Jedi Starfighter";"Star Wars";244;"28.2 x 26.2 x 6.4 cm (11.1 x 10.3 x 2.5 in)";"0.48Kg (1.06 lb)";"£29.99 / US$29.99 / €39.99";"2012"
"9499-1";"Gungan Sub";"Star Wars";465;"35.4 x 37.8 x 7.1 cm (13.9 x 14.9 x 2.8 in)";"0.91Kg (2 lb)";"£54.99 / US$69.99 / €69.99";"2012"
"9500-1";"Sith Fury-class Interceptor";"Star Wars";741;"48 x 37.8 x 7.1 cm (18.9 x 14.9 x 2.8 in)";"1.18Kg (2.6 lb)";"£79.99 / US$89.99 / €99.99";"2012"
